13918,-0.507036831099047,0.82536472860083,-0.710861083569303,1.4,-1,0.523666037800322,-0.749353946271926,-0.225687908471604
13918,-0.569218885952248,1.02379088278674,-0.564038387694279,1.8,-0.8,0.549938188893132,-0.764571280042343,-0.214633091149211
13918,-0.643781849616926,0.97196236234077,-0.867502215551812,1.7,-0.899999999999999,0.436316246271069,-0.849551134261181,-0.413234887990112
13918,-0.447557155234653,0.738082195455097,-0.679130063534754,1.1,-0.899999999999999,0.565466929344752,-0.71852968543731,-0.153062756092558
14241,-0.54574478462664,0.916444798969492,-0.57475585229609,1.6,-0.8,0.566208477430222,-0.763979423772274,-0.197770946342052
14241,-0.407390924336176,0.681054020659396,-0.547161234404625,1.1,-0.8,0.659185432293357,-0.701053385658055,-0.0418679533646976
14241,-0.522764311021398,0.737595373182267,-0.528187959412022,1.4,-0.8,0.649804459947554,-0.793915686520303,-0.144111226572749
14241,-0.351065327441146,0.660200288604834,-0.561133331431738,1.1,-0.799999999999999,0.659359900123157,-0.654003698496163,0.00535620162699455
29045,-0.460581291379742,0.976916308345233,-0.55225342618887,1.90000000000001,-0.8,0.566878402256554,-0.665307119264398,-0.0984287170078444
29045,-0.416304979308203,1.28303536067415,-0.657901172379157,2.1,-0.899999999999999,0.459877375451051,-0.572185328463126,-0.112307953012075
29045,-0.448062822262771,0.736915971816912,-0.526196367767271,1.4,-0.8,0.651487606170057,-0.719464186392371,-0.0679765802223143
29045,-0.462369077381129,0.826778476042929,-0.898046650372898,1.6,-1,0.464608345574949,-0.704271843110139,-0.23966349753519
33151,-0.418709673175294,0.881918972279894,-0.523092073490533,1.6,-0.7,0.609120070328233,-0.645487876486841,-0.036367806158608
33151,-0.46897358917552,0.757688143578517,-0.495496166754972,1.6,-0.8,0.667596658356266,-0.732934430710419,-0.0653377723541524
33151,-0.394006845640951,1.05863159888722,-0.581958018361074,1.99999999999999,-0.8,0.532590536136364,-0.582929980195246,-0.0503394440588819
33151,-0.320959752682899,0.686022912146816,-0.491194005072713,1.5,-0.8,0.698706545489705,-0.612495205010762,0.086211340478943
36327,-0.336571980094576,1.02491703865381,-0.569726270377527,1.8,-0.8,0.546183520043491,-0.53170972535315,0.0144737946903414
36327,-0.405368763317915,1.45927118844306,-0.585096179929909,2,-0.8,0.478878859691996,-0.542423480483534,-0.0635446207915381
36327,-0.349719845359542,1.09104547527681,-0.669853332666774,1.7,-0.7,0.481883238256111,-0.533030261407284,-0.051147023151173
36327,-0.277899071358944,1.24103861874484,-0.527735595376962,2.80000000000002,-0.8,0.540132997590639,-0.439054410910164,0.101078586680475
40840,-0.591370716900959,1.05732538214668,-0.597712070971452,2.09999999999999,-0.899999999999999,0.52376580009058,-0.78052724655311,-0.256761446462531
40840,-0.387029716769424,0.929558933913124,-0.50370370516668,1.8,-0.8,0.612214626600521,-0.602185520993765,0.0100291056067554
40840,-0.595182321629368,0.905113790367819,-0.545583607871915,2.3,-0.7,0.587546620409187,-0.816149013473411,-0.228602393064224
40840,-0.456170766224209,0.819737125476878,-0.57914311586866,1.8,-0.9,0.5893184375853,-0.700151420246255,-0.110832982660955
44514,-0.423761201303998,0.727507882555637,-0.538961561583279,1.3,-0.8,0.645995088164965,-0.698672311953998,-0.0526772237890328
44514,-0.46479926244651,0.675908347725154,-0.619728692384558,1.2,-0.9,0.618619972083787,-0.760697368562706,-0.142077396478919
44514,-0.543458871566073,0.720986895497264,-0.651749532421778,1.3,-0.899999999999999,0.584263902031697,-0.820856423794897,-0.2365925217632
44514,-0.413369887927212,0.6037458810097,-0.576904231938358,1.1,-0.9,0.677943190742296,-0.744635087891014,-0.066691897148718
45843,-0.45457082778964,1.17681603338809,-0.580750813570819,1.8,-0.8,0.514331879698165,-0.624520925617754,-0.11018904591959
45843,-0.461400423693075,0.849389934100386,-0.571332096361934,1.90000000000001,-0.8,0.585522216270846,-0.696863539007511,-0.111341322736665
45843,-0.482769503566125,1.01636063723348,-0.774768548322326,1.4,-0.9,0.454922154320867,-0.679550048456566,-0.224627894135699
45843,-0.465057627960497,0.703769737491546,-0.481896197326756,1.5,-0.8,0.699210998067936,-0.749241487176811,-0.0500304891088754
46065,-0.471822556726576,0.67164115985075,-0.489069404106137,1.3,-0.8,0.706717971510121,-0.769600614349554,-0.0628826428394328
46065,-0.481757209196723,0.91347676454001,-0.531043916337086,1.79999999999999,-0.8,0.595560405151557,-0.700700928143654,-0.105140522992097
46065,-0.490035242132371,0.85335629351189,-0.499395710818174,1.8,-0.8,0.634852710285397,-0.724403936100658,-0.0895512258152613
46065,-0.486419641672544,0.755180594737219,-0.514226221417774,1.7,-0.8,0.653771194593677,-0.75125695528174,-0.0974857606880624
46579,-0.580467722095264,0.775123829428751,-0.526082657309225,1.49999999999999,-0.7,0.638191685205548,-0.838491011286871,-0.200299326081323
46579,-0.613914597827169,0.853161740837343,-0.644424646722051,1.5,-0.8,0.544776500625084,-0.848336736592684,-0.303560235967601
46579,-0.532602809866228,0.809524585293045,-0.486627690606747,1.9,-0.8,0.658050406310298,-0.779661396638612,-0.121610990328313
46579,-0.514401793525735,0.72945386445334,-0.541547705020669,1.3,-0.899999999999999,0.64348960162244,-0.788579517088667,-0.145089915466227
46778,-0.355824577096922,1.10845420279194,-0.591548089991884,1.8,-0.899999999999999,0.518527378092576,-0.536256027937422,-0.0177286498448464
47002,-0.374666391591028,0.684802612553174,-0.513023799390232,1.3,-0.8,0.681900422383144,-0.666721352150148,0.0151790702329956
47002,-0.451567635774886,0.640460078621545,-0.637680694430508,1.3,-0.899999999999999,0.625912105949308,-0.763843149387628,-0.137931043438319
49572,-0.328651688730413,0.681612101805981,-0.673479748801237,1.2,-0.9,0.590387148624685,-0.622073709070259,-0.0316865604455748
49572,-0.374276443044908,0.647883090330657,-0.489848225874361,1.3,-0.7,0.716987399594031,-0.682974112400542,0.0340132871934886
49572,-0.379840000803916,0.957724340903971,-0.634276195605115,1.5,-0.8,0.524148403705797,-0.588668357208876,-0.064519953503079
49574,-0.561770597446605,0.966270683998623,-0.509019994789308,1.9,-0.7,0.599893212878869,-0.768751936435758,-0.168858723556889
49574,-0.412015501942051,0.728528757757654,-0.548488798805689,1.4,-0.8,0.639164140058812,-0.68654138423609,-0.0473772441772773
49574,-0.397537507373078,0.763807226435741,-0.496948966801535,1.4,-0.8,0.664301986197489,-0.65938368148338,0.00491830471410836
49574,-0.588393243124531,1.11661340433854,-0.537356758408266,2.50000000000001,-0.8,0.551305231860017,-0.767506263998999,-0.216201032138982
49595,-0.612151747387749,0.817358487446156,-0.602845276599344,1.8,-0.9,0.576450759645093,-0.856842422375296,-0.280391662730203
49595,-0.566534583118429,0.77396078892912,-0.537772065640281,1.4,-0.8,0.630315800719439,-0.824945607114524,-0.194629806395085
49627,-0.528569807271023,0.734532572962101,-0.479573529314513,1.5,-0.7,0.68931919880297,-0.800851809951277,-0.111532611148307
49627,-0.548313523447083,0.567343759190918,-0.461435953150445,1.5,-0.8,0.785949559941005,-0.900833484687545,-0.11488392474654
49627,-0.536131598267572,0.652492703440615,-0.44091139189106,1.60000000000001,-0.7,0.760122717755649,-0.842648435843522,-0.0825257180878735
49627,-0.556510749478551,0.621663617086385,-0.429512844424295,2.49999999999989,-0.7,0.787361212111931,-0.878228145354733,-0.090866933242802
49628,-0.621599171727472,0.701776475072304,-0.513871725604998,1.4,-0.8,0.674193217427695,-0.906590201071102,-0.232396983643406
49628,-0.571016735496638,0.895976481013832,-0.481325996549367,1.7,-0.7,0.638738943962114,-0.794236880487154,-0.155497936525041
49628,-0.553367997755261,0.809784158047251,-0.459693893323551,2,-0.7,0.682051520364444,-0.800347390983067,-0.118295870618623
49628,-0.622119755845471,0.641762590687301,-0.411311715425533,2.49999999999998,-0.7,0.797890941798771,-0.933761479595383,-0.135870537796613
49630,-0.206474835100224,0.533578914862141,-0.505935879784848,0.9,-0.8,0.770134415180066,-0.581302240061819,0.188832175118247
49630,-0.294514751019321,0.660275279994151,-0.472917481992081,1.1,-0.7,0.725810724423304,-0.597418715562369,0.128392008860935
49630,-0.378911809226536,0.606154752321859,-0.509491823642472,1,-0.7,0.722496752413694,-0.708860554549254,0.0136361978644409
49630,-0.287180549521856,0.680366890293654,-0.524243507590658,1.1,-0.899999999999999,0.675461144857764,-0.581139592581223,0.0943215522765408
49691,-0.376593125879904,0.663551980257863,-0.564012934963885,1.3,-0.899999999999999,0.656009984502189,-0.678001313859809,-0.0219913293576198
49691,-0.384538228880536,0.78066541489641,-0.630883938428861,1.3,-0.8,0.573207220606064,-0.640729929170651,-0.0675227085645875
49691,-0.349882358388731,0.643686858174039,-0.479542208473666,1.3,-0.7,0.727774521968277,-0.660592445848563,0.0671820761197134
49691,-0.382908365873725,0.883333206496461,-0.576374918766236,1.60000000000001,-0.899999999999999,0.573411488919846,-0.609323492724049,-0.0359120038042032
49712,-0.490010190408774,0.807036024135525,-0.55703115441105,1.3,-0.8,0.606866756923716,-0.737830602408641,-0.130963845484925
49712,-0.601679394283417,0.715383710528314,-0.601531792379629,1.4,-0.8,0.612054750704161,-0.88124964037177,-0.269194889667609
49712,-0.713969320678227,0.758023829894273,-0.495945931469428,2,-0.8,0.667113714595937,-0.977813268734446,-0.310699554138508
49712,-0.568343376073717,0.757446299112742,-0.475671461852491,1.7,-0.7,0.684503391524284,-0.832388497469486,-0.147885105945202
49748,-0.521862026318583,0.794975896427875,-0.582041176655077,1.4,-0.8,0.59519825528379,-0.773441981004851,-0.17824372572106
49748,-0.520370513679765,0.657600992322596,-0.516448771561639,1.3,-0.8,0.691395888444826,-0.824506307778273,-0.133110419333447
49748,-0.373327501692216,0.751796205721185,-0.524396131781871,1.49999999999999,-0.8,0.647420608180019,-0.639357043312666,0.00806356486735292
49748,-0.547620899551985,0.851173835435159,-0.630231746397318,1.59999999999999,-0.9,0.552313210787788,-0.782590528168154,-0.230277317380366
49748,-0.51694044832203,0.803824393013194,-0.657405435463657,1.3,-0.899999999999999,0.553036827937854,-0.765751011597281,-0.212714183659427
49748,-0.450446668716144,0.6467754229535,-0.487865534498027,1.2,-0.7,0.719175369475879,-0.759673013599041,-0.0404976441231618
49751,-0.424000129371265,0.878710800524655,-0.636169987609258,1.5,-0.899999999999999,0.541987552346856,-0.651606299547602,-0.109618747200747
49751,-0.363683268466878,0.716611935295021,-0.550073722484435,1.3,-0.8,0.642678709478413,-0.642774349914834,-9.56404364202412e-05
49751,-0.489423270002523,0.964725176374346,-0.789196592888786,1.6,-0.9,0.4607352070113,-0.696736196935398,-0.236000989924099
49751,-0.438297571715548,0.857923178162182,-1.11506472658248,1.2,-0.899999999999999,0.412482891041798,-0.671418677533477,-0.258935786491679
49754,-0.485810231086702,0.828711755626524,-0.673321282033497,1.4,-0.899999999999999,0.538373456503621,-0.727148668296146,-0.188775211792525
49754,-0.519498469248367,0.903720303948156,-0.548416304637304,1.4,-0.7,0.585993868829334,-0.740805879435174,-0.154812010605839
49754,-0.485589579899398,0.857810466974927,-0.537267374090699,1.6,-0.8,0.60540586855411,-0.718741316442438,-0.113335447888328
49754,-0.5178008053295,0.897554795919317,-0.581223986072088,1.5,-0.8,0.566929042934837,-0.740628426450003,-0.173699383515166
49821,-0.412975341463498,0.936814263077663,-0.88707109729751,1.3,-0.899999999999999,0.4389505621962,-0.626464832264963,-0.187514270068763
49821,-0.416538045938458,0.752257361637684,-0.487130485939163,1.5,-0.7,0.676434068969841,-0.682404503615383,-0.00597043464554113
49821,-0.378746946979485,0.646242432859631,-0.458635130282048,1.4,-0.7,0.74555787488703,-0.688228327078587,0.0573295478084433
49821,-0.370882628305933,0.555888821490421,-0.480705030135287,1.1,-0.8,0.775839732087868,-0.73066680145007,0.0451729306377981
49823,-0.399295256866349,0.676665528782867,-0.531789127502186,1.3,-0.8,0.671655922065151,-0.694862256355364,-0.0232063342902137
49823,-0.635927771811644,0.85055981083159,-0.568800516965952,2,-0.8,0.586756375354217,-0.871067026515508,-0.284310651161291
49823,-0.42085033737879,0.677985622592239,-0.509534493722061,1.5,-0.8,0.687506640055271,-0.715841843592906,-0.028335203537635
49824,-0.749536362688816,0.915415521547567,-0.522671067083837,1.9,-0.8,0.6011298580416,-0.968016381098257,-0.366886523056656
49824,-0.674108011337754,0.790963786139488,-0.59746052765837,1.6,-0.8,0.587606224887713,-0.926964088322206,-0.339357863434492
49824,-0.685539993701854,0.817017234287097,-0.523539008877691,2,-0.8,0.626808346777202,-0.930332871510011,-0.303524524732809
49838,-0.570578221416973,0.786181743870885,-0.526702292982782,1.49999999999999,-0.8,0.634115252843975,-0.824972325018604,-0.190857072174629
49850,-0.427817507586466,0.828389131466009,-0.53154990069547,1.4,-0.8,0.617690612156728,-0.669249936384823,-0.0515593242280945
49850,-0.366977657382075,0.823472511989527,-0.541796354587094,1.4,-0.799999999999999,0.612016311382105,-0.609851581026224,0.00216473035588059
49897,-0.514280472960737,0.66915101153712,-0.446485397309817,1.6,-0.7,0.746829176769892,-0.813166668381074,-0.0663374916111819
49897,-0.498978950272123,0.715951137560986,-0.477251849151378,1.50000000000001,-0.7,0.698414623640754,-0.778327622978106,-0.0799129993373524
49897,-0.557399162946974,0.775793228900542,-0.42622426913925,2,-0.7,0.727037188621369,-0.81519981465341,-0.088162626032041
49897,-0.559817452467425,0.750325834102168,-0.520578047367378,1.60000000000001,-0.8,0.650739174387747,-0.82636831731845,-0.175629142930704
49900,-0.577774144244374,0.651333868749764,-0.474334671382556,1.3,-0.7,0.728705407410003,-0.884836327858287,-0.156130920448284
49900,-0.59902954825029,0.791264547677514,-0.477314210146637,2,-0.8,0.671771165849321,-0.851789514038005,-0.180018348188684
49931,-0.386347428917386,0.871028279623473,-0.578410639757895,1.2,-0.8,0.575388775574677,-0.615961098965453,-0.0405723233907761
49931,-0.354246394990235,0.7525704267335,-0.646855275961272,1.2,-0.899999999999999,0.574944030215528,-0.620002253705135,-0.0450582234896063
49931,-0.438902599407168,0.838633157481048,-0.829003229396027,1.2,-0.899999999999999,0.479736880270543,-0.67738589596645,-0.197649015695907
49966,-0.890267783382613,1.29525073852189,-0.505154706171602,3.2,-0.7,0.550328572290062,-1.04467804083457,-0.494349468544505
49989,-0.494864930528848,0.731082442822458,-0.484334912857151,1.8,-0.7,0.686504358829627,-0.768431888624393,-0.081927529794766
49989,-0.468233011912553,0.64789522826878,-0.505808470185742,1.3,-0.8,0.704098471361721,-0.776924897997921,-0.0728264266361999
49994,-0.497699035391576,0.666568964204298,-0.469057194033394,1.2,-0.7,0.726431207508153,-0.797743007943982,-0.0713118004358289
49994,-0.582193590092892,0.760382976859526,-0.480875568887198,1.60000000000001,-0.8,0.678933359911919,-0.845218941904455,-0.166285581992536
49994,-0.582072924177662,0.821524518908673,-0.504929409882986,1.6,-0.8,0.639544795629946,-0.825522748737596,-0.185977953107649
49994,-0.508355234103438,0.773343176461788,-0.556974991552344,1.6,-0.8,0.617699947471555,-0.766972632028953,-0.149272684557397
50054,-0.379383253864395,0.693157063376135,-0.493233575450033,1.3,-0.7,0.694022294072364,-0.66791814814343,0.0261041459289336
50054,-0.384894606813804,0.603621696617636,-0.470873862936549,1.2,-0.7,0.756075550877048,-0.71622795868086,0.0398475921961884
50054,-0.482731375177393,0.634898972515047,-0.480255494630515,1.3,-0.7,0.731455748749139,-0.797742122805056,-0.0662863740559163
50054,-0.33931879021404,0.548891622951803,-0.491164013496862,0.999999999999999,-0.7,0.771566610615624,-0.703689444887998,0.067877165727626
50056,-0.469538905049563,0.63884778608588,-0.527621737423553,2.4,-0.899999999999999,0.692123058547379,-0.782602524202677,-0.0904794656552981
50056,-0.6655852171207,0.795547475937041,-0.500006387516422,1.90000000000001,-0.8,0.651394091293311,-0.916984418361868,-0.265590327068558
50056,-0.596581726322172,0.569719471344987,-0.389929522024908,1.3,-0.5,0.863963166944728,-0.947631690487593,-0.0836685235428651
50056,-0.673354659229074,0.661878476238422,-0.438291148113653,1.8,-0.7,0.758487953507455,-0.975524932443935,-0.21703697893648
50099,-0.450088430757579,0.886475692907791,-0.518245409704664,1.90000000000001,-0.8,0.611530055376352,-0.675700933841523,-0.064170878465171
50099,-0.558464471520328,0.87047820488606,-0.535161275006877,2.2,-0.8,0.603477886677353,-0.788223239605944,-0.184745352928591
50099,-0.510916379099541,0.727982470391901,-0.453854363218914,2,-0.7,0.715401885095924,-0.785648269130261,-0.0702463840343369
50115,-0.296106540530469,0.698342172926405,-0.560427862793867,1.2,-0.8,0.643262749979465,-0.582499096720938,0.0607636532585266
50115,-0.243464215734892,0.506932738486353,-0.488171334365552,1,-0.8,0.804221882787907,-0.637993873845313,0.166228008942594
50115,-0.37422211015212,0.573246231091809,-0.470928879134841,1.2,-0.8,0.77358279214472,-0.723112323732903,0.0504704684118167
50115,-0.30283679105614,0.566144283240461,-0.52839997411563,1.1,-0.799999999999999,0.73176799064561,-0.656103627656967,0.0756643629886434
50115,-0.223070050748872,1.02957337654213,-0.65669738294041,1.3,-0.899999999999999,0.49880949938516,-0.417325268061998,0.0814842313231624
50115,-0.334448713834297,0.534701894061175,-0.497511696833126,1,-0.8,0.776040792376418,-0.708488907484926,0.0675518848914921
50118,-0.262271873997541,0.667330920305801,-0.586829089012791,1.1,-0.8,0.640516117610538,-0.561973257395677,0.0785428602148604
50118,-0.225158792069106,0.644764128654289,-0.557127371221125,1.1,-0.8,0.669175290764491,-0.535349745801949,0.133825544962542
50118,-0.185620119624082,0.585767779960464,-0.521266700171371,1.1,-0.8,0.725112984000346,-0.527052350692679,0.198060633307667
50127,-0.378849529631214,0.819546089824858,-0.627188603397232,1.6,-0.899999999999999,0.562920871074654,-0.6228870553825,-0.0599661843078464
50127,-0.346205767081934,0.738983672374212,-0.711459608034241,1.2,-0.8,0.551754208469226,-0.616847741291511,-0.0650935328222846
50127,-0.513882483924435,1.21579807288832,-0.759797454239856,1.59999999999999,-0.8,0.427729048003121,-0.678383484921145,-0.250654436918024
50127,-0.373637059380565,0.594789831703113,-0.528446659123877,1.2,-0.9,0.714720942299304,-0.709890285881298,0.00483065641800655
50129,-0.406840742233684,0.531303709956258,-0.485382379745918,1,-0.8,0.788478802352863,-0.783273272728278,0.00520552962458523
50129,-0.364348319421804,0.636395509015984,-0.548600335910716,1.1,-0.8,0.678834096269032,-0.678618293308399,0.000215802960632575
50129,-0.376157108087716,0.53890006312041,-0.527936954764935,1,-0.8,0.749959437980804,-0.747283433146826,0.00267600483397832
50129,-0.353322739744195,0.679459847909398,-0.544034939934377,1.2,-0.8,0.661974909755864,-0.647674202329323,0.0143007074265407
50136,-0.688960848558934,0.829953626312787,-0.465061692522117,2.09999999999999,-0.8,0.671027790471993,-0.929938167844271,-0.258910377372278
50136,-0.633902568994354,0.738881943586739,-0.467125519215276,1.8,-0.799999999999999,0.698829683327166,-0.904581805015665,-0.2057521216885
50138,-0.526058944001371,0.791711559434126,-0.7303198365855,1.4,-0.9,0.52646987292769,-0.778676197869623,-0.252206324941933
50138,-0.447912137197954,0.636651351984357,-0.510097187112006,1.2,-0.8,0.706225828624613,-0.762055819413701,-0.0558299907890884
50149,-0.414977513331606,0.682599159356534,-0.548063575260441,1.69999999999999,-0.9,0.657918891819005,-0.707975237191292,-0.0500563453722871
50149,-0.411903761658209,0.598976088880428,-0.469825381308198,1.2,-0.7,0.759593216394823,-0.745806906896992,0.0137863094978307
50150,-0.430808590070401,0.814224596309249,-0.584625464336343,1.3,-0.9,0.587731836372364,-0.676441061634842,-0.0887092252624785
50150,-0.486700753154243,0.614133405874344,-0.580903975079754,1.1,-0.8,0.669953123250484,-0.812362894452776,-0.142409771202292
50150,-0.491074541131277,0.633101520712372,-0.538011320809621,1.2,-0.8,0.687644490854641,-0.806979642377848,-0.119335151523207
50150,-0.42461289278226,0.630989646645308,-0.537624372016258,1.2,-0.8,0.688969356093075,-0.741575304231182,-0.0526059481381068
50159,-0.287166554599722,0.846803573951849,-0.613108871324019,1.2,-0.8,0.56238861988066,-0.523348836007255,0.0390397838734056
50159,-0.176874796636524,0.594051516912637,-0.486348134207196,1,-0.7,0.747899198200225,-0.513545934250019,0.234353263950206
50159,-0.207471299308658,0.636013879078677,-0.518219677067711,1.1,-0.8,0.700395261904193,-0.521929845857544,0.178465416046649
50161,-0.432608055627005,0.652727355744923,-0.508270763612226,1.3,-0.7,0.699897703234766,-0.739014701893195,-0.0391169986584293
50161,-0.441629034215522,0.67167946284223,-0.523945074826893,1.3,-0.8,0.679480477392134,-0.739390110836347,-0.0599096334442129
50161,-0.451071702013943,0.764783201297869,-1.34515036059455,1,-0.9,0.410194283449345,-0.712583722231688,-0.302389438782344
50209,-0.467481217977123,0.688268608224985,-0.534912539516882,1.4,-0.8,0.664477123627692,-0.758065442813108,-0.0935883191854166
50209,-0.388422380673309,0.764422997839788,-0.535341982610094,1.4,-0.8,0.635228214860151,-0.650057627866535,-0.0148294130063841
50209,-0.49805182516642,0.616713167196972,-0.525853512550251,1.4,-0.7,0.704633927432291,-0.822351695248685,-0.117717767816393
50209,-0.389745701105936,0.692154450224058,-0.489897142783372,1.4,-0.7,0.697201810451077,-0.678698549614326,0.0185032608367512
50220,-0.580099427862438,0.775069476636918,-0.477949140444292,1.7,-0.8,0.676495949140766,-0.838140811285011,-0.161644862144245
50220,-0.370379375391886,0.819170290183358,-0.508626686554925,1.5,-0.8,0.637365182303963,-0.614528854928349,0.0228363273756149
50221,-0.399646560744816,0.766793435874641,-0.590443066331169,1.3,-0.8,0.599555116466473,-0.660472998013245,-0.0609178815467725
50221,-0.393151408830246,0.800441393875734,-2.02547561651216,1.2,-0.899999999999999,0.348604380753351,-0.643013549307015,-0.294409168553664
50229,-0.393705075064161,0.842668509433471,-0.487995722002164,1.90000000000001,-0.7,0.64718091151512,-0.631046328191634,0.0161345833234858
50229,-0.437868938027263,0.879657184667801,-0.574875493273376,1.8,-0.8,0.575262718041297,-0.665230236821781,-0.089967518780484
50229,-0.62626353315327,0.640441684595936,-0.456812979371466,1.5,-0.8,0.750100413743349,-0.938548015582272,-0.188447601838923
50229,-0.477629672523751,0.616770502097175,-0.492810663991538,1.3,-0.8,0.730105096943143,-0.801899395735139,-0.0717942987919956
50233,-0.63348262635655,0.889698932749665,-0.656659505725439,1.5,-0.899999999999999,0.529366993603305,-0.858277770689126,-0.32891077708582
50233,-0.699509634511425,0.773736039164808,-0.458326436106097,2.3,-0.8,0.694856288612421,-0.957995720045047,-0.263139431432626
50233,-0.703980689245492,1.07061337259759,-0.662409435405743,2,-0.899999999999999,0.488736866965715,-0.890789489806937,-0.402052622841222
50233,-0.668729242256024,0.697407888089817,-0.45632872161542,2,-0.7,0.725056766174909,-0.95550546520325,-0.230448699028342
50238,-0.46070110366275,0.966635101080163,-0.588297844495275,1.4,-0.8,0.54686715768193,-0.667604411618887,-0.120737253936957
50238,-0.374333748204753,0.890839261411171,-0.702811718978579,1.3,-0.9,0.50907862946612,-0.5988411410235,-0.08976251155738
50238,-0.324472354531192,0.79691860945351,-0.611297692344689,1.3,-0.899999999999999,0.578139494440038,-0.575439012389955,0.0027004820500832
50238,-0.373730995824838,0.790210514716725,-0.611257240460257,1.3,-0.8,0.58029160135993,-0.626828108904504,-0.0465365075445741
50256,-0.404212282086293,0.897377493183621,-0.605170464007042,1.6,-0.899999999999999,0.55335704239129,-0.6270839292127,-0.07372688682141
50256,-0.335723088292565,0.584551695445942,-0.534351547587604,1,-0.8,0.716427969170853,-0.677865625142833,0.0385623440280199
50256,-0.397241261747831,0.819754551401022,-0.583795528282364,1.2,-0.899999999999999,0.586561168096525,-0.641216729353574,-0.0546555612570493
50256,-0.379980568960585,0.772334741411065,-0.796662616358299,1.2,-0.9,0.510002375297691,-0.63893564281185,-0.128933267514159
50258,-0.260217519653891,0.559607447187607,-0.532175888714409,1,-0.8,0.733208983584919,-0.617610904972708,0.115598078612211
50258,-0.335942138080735,1.22678770537614,-0.792054886584946,1.7,-0.9,0.415535145305611,-0.498969529962428,-0.0834343846568178
50258,-0.237901343058749,0.593280100282502,-0.522474664256642,1,-0.8,0.719902577708558,-0.575010239690823,0.144892338017735
50260,-0.439267246238314,0.696601937790291,-0.540764920613978,1.2,-0.8,0.656954491136501,-0.72637526180661,-0.0694207706701087
50260,-0.361191602428766,0.508874510990569,-0.505982107606842,0.9,-0.8,0.788295098707753,-0.754215807179526,0.034079291528227
50260,-0.449167491445624,0.511059385570646,-0.552339186418054,1,-0.899999999999999,0.753440296582926,-0.840511444118914,-0.0870711475359877
50260,-0.452326433708181,0.594210600415035,-0.480674755861856,1.3,-0.799999999999999,0.752662766515375,-0.788907436908573,-0.0362446703931982
50277,-0.259294991251753,0.739743411484521,-0.544652319910957,1.3,-0.8,0.637570751431679,-0.529659007875623,0.107911743556055
50277,-0.280457292658039,0.716070346196749,-0.540977446659815,1.2,-0.8,0.649003347104957,-0.559759460471936,0.0892438866330214
50277,-0.397523557521607,0.743940785549271,-0.503081217836802,1.4,-0.7,0.666388723921653,-0.666362158502913,2.65654187398387e-05
50277,-0.373736351394658,0.700348377752824,-0.533495424585823,1.3,-0.8,0.660458225661477,-0.659308512840552,0.00114971282092449
50280,-0.493603637672017,0.654455836509748,-0.505958217379622,1.5,-0.8,0.700886954638037,-0.799201034536276,-0.0983140798982387
50280,-0.468298803569127,0.657284389355671,-0.74203414846576,1.2,-0.899999999999999,0.573811665899452,-0.772581094825212,-0.19876942892576
50280,-0.504819257458626,0.575137812553899,-0.533814915167223,1.70000000000001,-0.8,0.722404435312719,-0.852561999518829,-0.130157564206109
50285,-0.656582118971068,0.757286265581091,-0.504772561670695,1.6,-0.7,0.660318970579237,-0.920683039706153,-0.260364069126916
50289,-0.439402831631348,0.64369155448396,-0.522725633623557,1.1,-0.7,0.69331771594286,-0.750110652181111,-0.0567929362382505
50289,-0.404411257038797,0.821497606755281,-0.578197656168014,1.3,-0.8,0.589360274411922,-0.647869056982916,-0.0585087825709941
50289,-0.358002974228873,0.665693981005634,-0.552301182279475,1.2,-0.8,0.662559608061805,-0.658441322338719,0.00411828572308606
50289,-0.279675498072187,0.628065961472177,-0.560619207074667,1.1,-0.8,0.675186281557041,-0.598113388785454,0.0770728927715868
50319,-0.336340813545187,0.759414135830289,-0.581647809201485,1.3,-0.8,0.607211601879989,-0.59970172633796,0.0075098755420289
50319,-0.423588375552162,0.709946830390987,-0.505916231062664,1.1,-0.7,0.677033600401813,-0.705299612842784,-0.0282660124409706
50319,-0.358015846432293,0.769459769241901,-0.529668735198526,1.3,-0.8,0.637517118704239,-0.61793846746425,0.0195786512399885
50319,-0.351984961195735,0.728613752028844,-0.537357595108025,1.4,-0.9,0.6466854897521,-0.626478819489097,0.0202066702630033
50326,-0.45437092687869,0.589580954435567,-0.484719099936236,1.2,-0.8,0.751834091209223,-0.793594910447612,-0.0417608192383894
50326,-0.425117523398063,0.574817411755628,-0.466292806877443,1.1,-0.8,0.776851616870907,-0.773054095794423,0.00379752107648384
50326,-0.384475622477,0.713905415931751,-0.493399000833997,1.4,-0.7,0.685500605523872,-0.664624778845243,0.0208758266786291
50326,-0.333715805165538,0.620028246104045,-0.513084616589082,1.2,-0.7,0.712365202096269,-0.656281754792354,0.0560834473039148
50331,-0.533460625494319,0.737339148019975,-0.548189649804258,1.3,-0.8,0.636082842663612,-0.804706226025733,-0.168623383362122
50331,-0.446633880120416,0.633089646808161,-0.542494462386787,1.2,-0.8,0.684578383872691,-0.762544906320792,-0.0779665224481004
50331,-0.590127799494847,0.803574052093737,-0.493002212446393,2.09999999999999,-0.8,0.654565768928521,-0.839015875807034,-0.184450106878513
50331,-0.590065100055519,0.660779016971783,-0.463828092503069,1.90000000000002,-0.8,0.733867285368185,-0.892738149385323,-0.158870864017139
50332,-0.586276959900918,0.775313434716658,-0.529268814473247,1.7,-0.8,0.635840000592703,-0.844237148702614,-0.208397148109911
50332,-0.621818054346898,0.824238405860964,-0.498610370388944,1.8,-0.7,0.6437630438051,-0.864466296139379,-0.220703252334278
50629,-0.658542464019091,0.751815273418473,-0.499732159725618,1.8,-0.8,0.666237181585677,-0.924565258542283,-0.258328076956606
50629,-0.688039624921294,0.854773782626007,-0.513449305369831,2,-0.8,0.623502424383084,-0.92201966041743,-0.298517236034347
50656,-0.559101730136687,0.842990105972061,-0.538202649466309,1.5,-0.8,0.608857946520729,-0.796352438754883,-0.187494492234155
50656,-0.46315581130087,0.711625982376959,-0.575101903797567,1.2,-0.8,0.628810966475376,-0.744202323025981,-0.115391356550605
50656,-0.527177189080891,0.73868417198888,-0.486444689590195,1.5,-0.7,0.681898141426719,-0.797928895404186,-0.116030753977467
50656,-0.469319436650634,0.593499673611682,-0.547554922407466,1.2,-0.8,0.702244341197262,-0.806303615231424,-0.104059274034163
50656,-0.484915822385005,0.678217457320655,-0.485011087066917,1.3,-0.7,0.707252376877728,-0.779806491802619,-0.0725541149248911
50676,-0.43426911963073,0.823927933796495,-0.560386584860625,1.50000000000001,-0.799999999999999,0.599636157124275,-0.677008795998346,-0.0773726388740709
50676,-0.392430548929326,0.624176418162784,-0.77346018570687,1.2,-0.9,0.5790005045092,-0.712852779215893,-0.133852274706693
50676,-0.459574499570647,0.645014315139316,-0.635589853858456,1.5,-0.899999999999999,0.624738971005346,-0.769645137238281,-0.144906166232935
50676,-0.281374000310512,0.618682369330659,-0.486240828677623,1.1,-0.8,0.734586469068459,-0.604641657373985,0.129944811694474
50734,-0.338841449563005,0.542000261424184,-0.52420145012082,0.999999999999998,-0.799999999999999,0.75053622233968,-0.70784496161754,0.0426912607221403
50734,-0.476329556029446,0.791735319947224,-0.546793132962585,1.50000000000001,-0.899999999999999,0.618378713892773,-0.728939228682842,-0.110560514790068
50734,-0.451160261136973,0.908999635102011,-0.488889732885032,1.79999999999999,-0.7,0.629112293378918,-0.671182351660206,-0.0420700582812872
50734,-0.449133819392104,0.670158870514387,-0.462099107031392,1.4,-0.7,0.731244285474809,-0.747570516718051,-0.0163262312432416
50734,-0.5343428203794,0.760697218521209,-0.54096705523002,1.50000000000002,-0.8,0.632624977731158,-0.797259517233897,-0.16463453950274
50735,-0.478596758543955,0.700612886866109,-0.58928351574059,1.2,-0.899999999999999,0.624859552276018,-0.764061105188525,-0.139201552912507
50735,-0.358412066407094,0.522721387666882,-0.486121392111629,1.1,-0.8,0.794032873362847,-0.741025069660473,0.0530078037023738
50735,-0.369948297718513,0.704377233280134,-0.611091794302883,1.2,-0.899999999999999,0.611221835038873,-0.653887060288454,-0.0426652252495809
50735,-0.314834531489075,0.670446987911981,-0.468736435546625,1.2,-0.7,0.724987461049046,-0.613142978847267,0.111844482201778
50736,-0.399397063208416,0.852283874929765,-0.55731097976718,1.4,-0.8,0.593529665353843,-0.634060660494569,-0.0405309951407257
50736,-0.3633366078379,0.713836966898477,-0.499987416771442,1.3,-0.8,0.680186086395635,-0.643512627397341,0.0366734589982933
50736,-0.329175715332486,0.771468778723536,-0.566349558220298,1.3,-0.8,0.612384541272603,-0.588421462556266,0.0239630787163372
50744,-0.482614576478312,0.636005291126677,-0.618511107047535,1.2,-0.8,0.637819960747588,-0.797077369147382,-0.159257408399794
50744,-0.371880222247388,0.714405137061547,-0.562816801518132,1.2,-0.8,0.63530861252227,-0.651833416344829,-0.0165248038225586
50744,-0.340009513289852,0.650791787510459,-0.507862488869721,1.1,-0.8,0.701125340647241,-0.647327466340674,0.0537978743065673
50744,-0.344350710001994,0.684394850149135,-0.545752434086991,1.3,-0.8,0.658695495493693,-0.636579676886269,0.0221158186074247
50746,-0.346662431818714,0.844172223386463,-0.648191081436673,1.5,-0.8,0.545469470147994,-0.583580911791537,-0.0381114416435433
50746,-0.368812843522174,0.715714059299529,-0.514028331619912,1.4,-0.8,0.668524818287671,-0.648254049687302,0.0202707686003689
50746,-0.333378304824088,0.778255841617915,-0.48486625651531,1.5,-0.7,0.669469781225353,-0.590363205296174,0.0791065759291781
50746,-0.405372525200601,0.979579601063114,-0.72610799142634,1.6,-0.8,0.479610339063216,-0.609541742059491,-0.129931402996275
50757,-0.319002986239228,0.800443115784502,-0.521991240092677,1.3,-0.7,0.633009795202034,-0.568864589213954,0.0641452059880807
50757,-0.40905335680872,0.695937449294306,-0.671175097603556,1,-0.899999999999999,0.585366983296375,-0.696435506171143,-0.111068522874768
50757,-0.509077986807715,0.568878849728792,-0.523027598926548,1,-0.8,0.733957703113711,-0.860646690926964,-0.126688987813253
50757,-0.330009210023604,0.56487760102903,-0.391965122393798,1,-0.6,0.864308482887027,-0.684068212603388,0.180240270283639
50781,-0.377920439753405,0.809981435213883,-0.506262685822568,1.5,-0.8,0.641971068532119,-0.624839679263121,0.0171313892689984
50781,-0.371454376154769,0.65704590980092,-0.565876681080224,1.2,-0.8,0.657826628621763,-0.675847108864418,-0.0180204802426552
50781,-0.41031697166689,0.686331849515881,-0.514478348975145,1.4,-0.8,0.680147502288418,-0.70172119564553,-0.0215736933571112
50781,-0.383146401921615,0.730486332544326,-0.555926909346436,1.2,-0.8,0.633549724740034,-0.656936603174784,-0.0233868784347494
50790,-0.579496737608016,0.673392113083049,-0.59164148889847,1.3,-0.9,0.635046329601564,-0.876500513141297,-0.241454183539734
50790,-0.580312829659232,0.759898441479374,-0.570587078442946,1.39999999999999,-0.9,0.613709239708335,-0.843505894788618,-0.229796655080284
51064,-0.5098707150907,0.728137259408011,-0.502148037086495,1.3,-0.7,0.672962408174808,-0.784544202013487,-0.111581793838679
55945,-0.536893953764078,1.14743693399656,-0.622163999522641,1.9,-0.8,0.495760169539056,-0.711195472282742,-0.215435302743686
55945,-0.500238504483609,0.757607578656737,-0.522214099576337,1.4,-0.799999999999999,0.646973591804492,-0.764227415939071,-0.117253824134579
55945,-0.53495573952144,1.25486541078663,-0.543095517785447,2.10000000000001,-0.8,0.527638987696875,-0.694335381577736,-0.166696393880861
55945,-0.417621115488963,0.729496968040368,-0.493532796558747,1.3,-0.7,0.679403082511626,-0.691782638788033,-0.0123795562764063
57700,-0.4527690695671,0.65542713694746,-0.559564855726354,1.2,-0.799999999999999,0.66256510980772,-0.757913590942071,-0.0953484811343507
57700,-0.448811892347938,0.747566317351968,-0.510370179229635,1.6,-0.8,0.659407218471124,-0.716346685392708,-0.0569394669215837
57700,-0.473045868830791,0.632620489795162,-0.663592424352039,1.30000000000001,-1,0.617535126640249,-0.789191177473511,-0.171656050833262
57706,-0.517344292774445,1.07220778751821,-0.613294675628218,2.10000000000001,-0.899999999999999,0.512638519276451,-0.703875301342225,-0.191236782065774
57706,-0.54762456613895,1.02660285068138,-0.702142382754847,2.10000000000002,-0.9,0.47965981622058,-0.74244187048138,-0.2627820542608
57706,-0.504067866430905,1.01649048412711,-0.523093449242777,1.8,-0.7,0.579096269511894,-0.700823274497263,-0.121727004985369
57706,-0.50939233612912,0.828919485679709,-0.695521077966205,1.4,-0.9,0.528832146681961,-0.750670293102228,-0.221838146420267
61117,-0.410714143009624,0.746734821025701,-0.499406976068814,1.49999999999999,-0.8,0.668307678078581,-0.678546838591281,-0.0102391605126997
61117,-0.515274100474924,0.905502112347611,-0.567658208397381,1.7,-0.8,0.573196616862018,-0.736146031387905,-0.162949414525887
61117,-0.564778479540161,0.743067351034151,-0.54942481834682,1.4,-0.8,0.633171653006613,-0.833933085406848,-0.200761432400235
61117,-0.4456347393127,0.711810395256768,-0.751156595566569,1.3,-0.899999999999999,0.547229765248697,-0.726608438675231,-0.179378673426535
64256,-0.481528862755633,0.623317122327545,-0.482728162998479,1.2,-0.8,0.73517581327638,-0.802392822425431,-0.0672170091490515
64256,-0.552158668753805,0.846274164269229,-0.452440190393045,3.4,-0.8,0.678377409917129,-0.788488700372699,-0.11011129045557
64256,-0.466837277046927,0.83964073131404,-0.561493291904507,1.60000000000001,-0.8,0.594390150595559,-0.705034392242851,-0.110644241647292
68194,-0.698134125610558,0.935200070231167,-0.59179918685977,1.90000000000001,-0.9,0.55181045739412,-0.911992107839497,-0.360181650445378
68194,-0.626470927669146,0.767747647247908,-0.571522453214249,1.40000000000001,-0.799999999999999,0.610444770475897,-0.886973191293042,-0.276528420817145
68194,-0.604800255559473,1.95285769495037,-0.574592683590073,3.10000000000001,-0.8,0.450486669798797,-0.707214271960746,-0.25672760216195
68194,-0.559758654820307,0.616771558409933,-0.437301145408726,1.6,-0.8,0.781619902236211,-0.884027822671707,-0.102407920435495
68204,-0.468079539212124,1.08220888984369,-0.599405792214634,1.7,-0.8,0.518470980876195,-0.652886744065974,-0.134415763189779
68204,-0.431963392860404,1.24524411477045,-0.595500003499819,1.89999999999999,-0.8,0.496463301331081,-0.592574471144335,-0.0961111698132537
68204,-0.465350202865979,0.863418978332065,-0.578977255479089,1.6,-0.8,0.577073965559551,-0.696987455485044,-0.119913489925493
68204,-0.391505675349422,0.778320968891471,-0.606870135702888,1.3,-0.8,0.586523195939023,-0.648469072191796,-0.0619458762527732
68255,-0.512383440018322,0.961026103694044,-0.545644007923017,1.60000000000001,-0.7,0.574650242346378,-0.720494332356448,-0.145844090010071
68255,-0.467549070298544,0.742934533422672,-0.507926125558755,1.5,-0.7,0.662960772331763,-0.736751794095226,-0.073791021763463
68255,-0.50773021083701,0.761022459930061,-0.532561935296368,1.5,-0.8,0.638347507903666,-0.770534543863371,-0.132187035959705
68255,-0.381645660262371,0.671567593678409,-0.503373505080761,1.4,-0.8,0.695129960171881,-0.679456337672415,0.0156736224994665
68279,-0.336070144827547,0.963909714535622,-0.771586481199959,1.4,-0.8,0.466694512732859,-0.543558457253522,-0.0768639445206631
68279,-0.33390456773191,0.786614664049037,-0.497888658769538,1.3,-0.6,0.655950331257175,-0.588158663340191,0.0677916679169837
68279,-0.262163852142492,0.789504403982059,-0.556137608668296,1.2,-0.8,0.612946700412699,-0.515487328226034,0.0974593721866654
68303,-0.547217222251169,0.737605461606126,-0.537827932403094,1.70000000000002,-0.8,0.643013812083501,-0.81836488914141,-0.175351077057909
68303,-0.476524519911886,0.79679548571891,-0.500880567012251,1.5,-0.799999999999999,0.650302222985267,-0.72752995805082,-0.0772277350655533
68303,-0.632566040328172,0.669161275384212,-0.58548264608007,1.3,-0.899999999999999,0.640480121791226,-0.931447651319732,-0.290967529528506
68303,-0.392454758356606,0.718948497422356,-0.514941253585999,1.6,-0.8,0.666577862307604,-0.670638801743662,-0.00406093943605857
68306,-0.418908237514384,0.901820805731918,-0.536248833339865,1.79999999999999,-0.8,0.594734732651109,-0.640681785794499,-0.0459470531433899
68306,-0.63209511306004,0.845180737080206,-0.566848799540406,1.69999999999999,-0.8,0.589463550257198,-0.86873088955789,-0.279267339300692
68306,-0.506758272798742,0.582933738946062,-0.434040379729221,1.3,-0.7,0.803878788601659,-0.84985044029208,-0.0459716516904217
68306,-0.638105287564403,0.597357805877189,-0.441090307519843,2.10000000000008,-0.7,0.788229599581086,-0.972912999177563,-0.184683399596477
68337,-0.422608477400132,0.582595640697546,-0.574851394265133,1.1,-0.9,0.691207278500726,-0.765899751877467,-0.074692473376741
68337,-0.395210745108878,0.5699978000583,-0.504660863555368,1.1,-0.8,0.74718429319817,-0.746089292323523,0.00109500087464728
68337,-0.461564673260571,0.654693214585211,-0.466338685093891,1.4,-0.7,0.734359441616782,-0.767051266896207,-0.0326918252794248
68337,-0.448638253392334,0.585301017478679,-0.483491514823565,1.2,-0.7,0.755362239313423,-0.790342767868572,-0.0349805285551492
68363,-0.507208943458567,0.721966224340834,-0.423158429849248,1.6,-0.6,0.74965748773505,-0.784230212954384,-0.0345727252193345
68363,-0.526858505011043,0.712303397294776,-0.542346554387006,1.3,-0.8,0.649547130938485,-0.807637735826971,-0.158090604888486
68374,-0.320195168940553,0.684078184234415,-0.682399587658789,1.2,-0.9,0.585447655023818,-0.612559411229364,-0.0271117562055455
68374,-0.356366438179566,0.665450138760972,-0.469319562643603,1.3,-0.7,0.726697305595865,-0.656914876522953,0.0697824290729126
68379,-0.829203450992089,1.10002924132319,-0.491441238040602,3.2,-0.7,0.588779603267312,-1.01101679966219,-0.422237196394879
68379,-0.631977500197179,1.19407167699382,-0.824487604555338,2.2,-0.9,0.410069034918573,-0.799471632964416,-0.389402598045843
68379,-0.679497496197561,0.922285830026689,-0.482310846192593,2.2,-0.7,0.631522847717285,-0.896350009256568,-0.264827161539283
68379,-0.685676584613254,0.785530328529339,-0.479657007883986,2.1,-0.7,0.671569680331542,-0.940281649161732,-0.268711968830191
68423,-0.594099147094561,0.798819388195094,-0.566565386911882,1.4,-0.8,0.603373755027237,-0.844468633558696,-0.241094878531459
68423,-0.660392412776321,0.793230295082773,-0.566553240396361,1.5,-0.899999999999999,0.605145424217877,-0.912526000260055,-0.307380576042178
68423,-0.468594440646382,0.838670975012089,-0.561199485422193,1.69999999999999,-0.9,0.594852057047869,-0.707066983465831,-0.112214926417962
68423,-0.535405515854177,0.658481250341509,-0.442190414193927,1.39999999999999,-0.7,0.756023064227246,-0.839134741092214,-0.0831116768649676
68425,-0.448352393694333,0.846011174080237,-0.471618499486953,1.5,-0.6,0.66047507219831,-0.684755890630926,-0.0242808184326153
68425,-0.425435910463461,0.953930150850679,-0.604872161234872,1.5,-0.8,0.540307336135963,-0.63509486696216,-0.0947875308261971
68425,-0.467025746199406,0.830598749633714,-0.53419663291223,1.60000000000001,-0.8,0.615184126443594,-0.70781589919229,-0.0926317727486959
68425,-0.277937619131756,0.608011935417056,-0.485523185355991,1.1,-0.7,0.740867686248221,-0.606878530238729,0.133989156009492
68432,-0.529844293222043,1.31298699970759,-0.826731437651969,1.70000000000001,-0.9,0.394240962024246,-0.68216872601882,-0.287927763994574
68432,-0.497025603002636,0.733945200061556,-0.499394119720199,1.3,-0.7,0.672985200971564,-0.769525511692312,-0.0965403107207483
68432,-0.470243184896694,0.925186429232317,-0.889432634883105,1.4,-0.899999999999999,0.441035096112325,-0.686415832571555,-0.24538073645923
68432,-0.336438525655582,0.684595849953162,-0.508825998354038,1.2,-0.8,0.685204843987412,-0.628581693064037,0.056623150923375
68435,-0.561755857191045,1.02617788489627,-0.511372314657101,2.4,-0.7,0.586002456755696,-0.756653840224676,-0.170651383468979
68435,-0.497027821316239,0.663884240091061,-0.563302837048005,1.3,-0.8,0.65630614615615,-0.798285160958113,-0.141979014801963
68444,-0.374941735061356,1.32476124420353,-0.664722356332113,2.2,-0.899999999999999,0.451848098925559,-0.525912335141254,-0.0740642362156951
68444,-0.253762610891022,0.799819247056084,-0.581764045197689,1.3,-0.8,0.593838486051646,-0.503819108951235,0.0900193771004115
68444,-0.280611858523585,1.27341571701649,-0.53382009426901,2.30000000000001,-0.7,0.531715959601665,-0.437669759825906,0.0940461997757592
68444,-0.306311444551177,0.765974853451564,-0.498270163444417,1.5,-0.7,0.662493851008483,-0.567416621958475,0.095077229050008
68456,-0.694668576005944,0.731228399516797,-0.455268307941956,1.69999999999999,-0.7,0.712813741716807,-0.968180928825066,-0.25536718710826
68456,-0.559715072424595,1.12438748319726,-0.477805298358658,2.80000000000005,-0.7,0.596455163699682,-0.737589695709522,-0.14113453200984
68456,-0.687927528728887,0.699638730760874,-0.464842213097548,1.69999999999999,-0.8,0.716115342066088,-0.973789347417077,-0.257674005350988
68456,-0.602741459247316,1.06482683475567,-0.631914508430275,1.8,-0.9,0.504322476166184,-0.790565425992003,-0.286242949825819
68487,-0.364782516949799,0.658139525021843,-0.542171371920508,1.2,-0.8,0.672773984070325,-0.668669447298439,0.00410453677188592
68487,-0.608018758415106,0.963526331084136,-0.549484298644362,1.7,-0.8,0.571548514441281,-0.815589629649071,-0.24404111520779
68487,-0.411034155472982,0.813915229940147,-0.655130536436708,1.4,-0.9,0.551008506592868,-0.656759991091892,-0.105751484499024
68487,-0.485487700849901,0.664016770394206,-0.546077780671082,1.4,-0.8,0.667445404306673,-0.786684912904148,-0.119239508597476
68560,-0.544959089088199,0.733267766128094,-0.55605383618506,1.69999999999999,-1,0.632429062896044,-0.817710748493697,-0.185281685597652
68560,-0.427323663945643,0.809104520477662,-0.552667122413106,1.5,-0.8,0.609068339660673,-0.674510516741779,-0.0654421770811062
68560,-0.554233429377969,0.703447160761412,-0.51067337555505,2.09999999999998,-0.9,0.675953939627708,-0.838547605560754,-0.162593665933046
68560,-0.394510863348353,0.847089151856517,-0.528380166153323,2.3,-0.8,0.614618000956072,-0.630613520974969,-0.0159955200188963
68567,-0.41087315436158,0.540097947297457,-0.524334672357063,1.1,-0.8,0.751738974313093,-0.781176357698605,-0.029437383385513
68567,-0.501884992076766,0.599752757411851,-0.520470825057639,1.49999999999999,-0.7,0.717738203206221,-0.835355739027679,-0.117617535821458
68567,-0.570566594105053,0.718638924950324,-0.623776444954202,1.39999999999999,-0.899999999999999,0.598931567426543,-0.848870472528873,-0.24993890510233
68567,-0.414266438127209,0.697419717676801,-0.490801747180717,1.3,-0.8,0.694267870546426,-0.701037796795167,-0.00676992624874036
68582,-0.56765944539674,0.932403923954612,-0.566943992189207,1.59999999999999,-0.9,0.567267844054699,-0.782158757188285,-0.214890913133585
68582,-0.554313017475152,0.866005349782677,-0.543589448360895,1.70000000000001,-0.8,0.598870183658856,-0.785258473008642,-0.186388289349786
68582,-0.524413273703751,0.879202801053074,-0.590402485941846,1.6,-0.899999999999999,0.566230763298133,-0.751892075819086,-0.185661312520953
68582,-0.472109213320716,0.718659608203166,-0.536278176072338,1.3,-0.8,0.651236646359972,-0.750405082070111,-0.099168435710139
68708,-0.589057163109604,0.837957990502478,-0.580860521451837,1.8,-0.8,0.582992187481624,-0.827732612555549,-0.244740425073925
68708,-0.549007013684095,0.864363118192563,-0.544562681027656,1.9,-0.8,0.598651415956135,-0.780391249996968,-0.181739834040834
68708,-0.540598548560403,0.885881456645504,-0.629560689655086,1.8,-0.899999999999999,0.543445683365436,-0.766362389195835,-0.222916705830399
68708,-0.664256035774577,0.925035146985583,-0.85069081877644,2.09999999999999,-0.899999999999999,0.451311043844547,-0.880464036791339,-0.429152992946793
68740,-0.30451295654091,0.678004115995638,-0.417266555708951,1.2,-0.6,0.77429338130759,-0.599496416495726,0.174796964811864
68740,-0.470930779256036,0.88060692719574,-0.47995381833088,1.70000000000001,-0.7,0.64382284635783,-0.69804686683542,-0.05422402047759
68740,-0.488397832437585,0.815491237681111,-0.710206374757572,1.3,-0.899999999999999,0.526859235208873,-0.733648781508122,-0.206789546299249
68740,-0.424582063151693,0.706798883957721,-0.526935583955517,1.2,-0.8,0.662518959751554,-0.70754798816858,-0.0450290284170265
68874,-0.426744372131748,0.840242040583192,-0.698017708752578,1.4,-1,0.524552334180973,-0.664771024382075,-0.140218690201102
68874,-0.378644325089945,0.753981192091989,-0.582781003465452,1.2,-0.9,0.608440691274104,-0.643902931136977,-0.0354622398628722
68874,-0.503426137443208,0.882352919356074,-0.600804509271556,1.5,-0.8,0.559553654499447,-0.730092809715292,-0.170539155215845
68874,-0.369314392172607,0.629750323355198,-0.546479502846837,1,-0.8,0.683565140510371,-0.686900572890126,-0.00333543237975513
69068,-0.486378791210222,0.97294536946972,-0.966052088850791,1.4,-0.899999999999999,0.412589561445363,-0.69194017859727,-0.279350617151907
69068,-0.55432382791892,0.649247821349687,-0.558757533194552,1.3,-0.8,0.665985789765915,-0.862372609021074,-0.196386819255159
69068,-0.556587812515763,0.668978366435669,-0.461602011317972,1.29999999999999,-0.7,0.732237005175146,-0.855551142325072,-0.123314137149926
69068,-0.547851923744503,0.703638814780147,-0.476581191529421,1.4,-0.7,0.703892407542082,-0.832088659693316,-0.128196252151233
69079,-0.554571855332836,0.692798923399395,-0.488132937047669,1.60000000000001,-0.8,0.698408503105386,-0.8432559067148,-0.144847403609413
69079,-0.474046520643955,0.698691823936005,-0.521346754401286,1.2,-0.7,0.669871072548877,-0.760295755497344,-0.0904246829484663
69079,-0.496777399963408,0.732534525643766,-0.445738680044096,1.60000000000001,-0.6,0.721718065260424,-0.76980207388473,-0.0480840086243063
69079,-0.462054991573093,0.784035449762267,-0.544900544556071,1.4,-0.8,0.622129963520987,-0.717145498080986,-0.0950155345599982
69093,-0.357465887792175,0.835466203335985,-0.618218875773302,1.5,-0.8,0.562897320205993,-0.59685318939864,-0.0339558691926473
69093,-0.403405172684744,0.744819021269681,-0.763093655552435,1.3,-0.899999999999999,0.53061263346393,-0.671926778992627,-0.141314145528697
69093,-0.369645109720671,0.806340743175738,-0.521205644946992,1.4,-0.8,0.631759797521454,-0.617679209067194,0.0140805884542603
69093,-0.514671821361259,0.743843534519164,-0.499647784937899,1.59999999999999,-0.8,0.669155719953138,-0.783545570636077,-0.114389850682938
69096,-0.663765862667395,0.988065892597704,-0.822363629767197,1.70000000000001,-1,0.445617067049144,-0.866181512775693,-0.420564445726549
69096,-0.620882625907322,0.631991825177696,-0.476045396562207,1.2,-0.8,0.736587788790293,-0.937342415468313,-0.20075462667802
69096,-0.592435610068659,0.688596666735409,-0.539870355047887,1.70000000000002,-0.799999999999999,0.660905097288564,-0.882881395913349,-0.221976298624784
69096,-0.473816415406025,0.633252384135063,-0.500466035127775,1.3,-0.8,0.715457360401083,-0.789646256730938,-0.0741888963298552
69120,-0.603825086700242,0.853006953980285,-0.593054495622431,1.4,-0.8,0.571701813747791,-0.838289763766196,-0.266587950018405
69120,-0.591208927592022,0.907472551751825,-0.586667285784937,1.7,-0.8,0.561301072061558,-0.811601268510666,-0.250300196449108
69120,-0.580386403881293,0.622168820854531,-0.478917292893942,1.4,-0.799999999999999,0.739064801302716,-0.90184256384332,-0.162777762540604
69120,-0.698011751416428,0.78082356444156,-0.549547949327681,1.6,-0.8,0.620075296683381,-0.954151562134153,-0.334076265450771
69147,-0.5460158111783,0.685993774156167,-0.499894012573916,1.60000000000001,-0.8,0.691632643386371,-0.837563646646657,-0.145931003260287
69147,-0.558376717980932,1.20495946821042,-0.568350936755009,2,-0.8,0.517875945554841,-0.724357404698166,-0.206481459143325
69147,-0.522905306262301,0.662729877099345,-0.498398800640387,1.89999999999999,-0.8,0.703067153618806,-0.824687385071492,-0.121620231452686
69147,-0.376326944697698,0.913590605860249,-0.657823912422372,1.4,-0.8,0.522949166730296,-0.59524338135663,-0.0722942146263334
69155,-0.648300197402127,0.753967359305489,-0.617655142822653,1.5,-0.8,0.589068758380842,-0.913563670059919,-0.324494911679077
69155,-0.561740851363579,0.814082820410953,-0.503111758569691,1.6,-0.8,0.643201239664459,-0.807416100841315,-0.164214861176856
69155,-0.663077194331637,0.956485971885256,-0.475382145275117,2.2,-0.7,0.629812888076293,-0.872175922257354,-0.242363034181061
72283,-0.505957868251869,0.568190475816441,-0.503072100994024,1.2,-0.8,0.74955196398207,-0.857952504755794,-0.108400540773724
72283,-0.586938082456013,0.704315110635753,-0.694560179764728,1.39999999999999,-0.8,0.571915817041785,-0.870901889251908,-0.298986072210123
72283,-0.450506706273028,0.610408040778961,-0.58448138716648,1.2,-0.8,0.669833375029628,-0.778156387533409,-0.108323012503781
73497,-0.546376899198774,0.788171633637914,-0.569506231724002,1.70000000000001,-0.8,0.60493324455339,-0.800128736316881,-0.19519549176349
73497,-0.39202419438856,0.723467470732929,-0.487645400807789,1.3,-0.7,0.686580515140925,-0.668470625072423,0.0181098900685022
73497,-0.521066379217809,0.752681543602054,-0.459770351999725,1.4,-0.7,0.700716401424201,-0.786783004927634,-0.0860666035034328
73497,-0.523866588184227,0.814516518277499,-0.573578321191748,1.4,-0.8,0.594232650406471,-0.769411025297609,-0.175178374891138
76240,-0.328681739908602,1.41340150321147,-0.574648226817799,2.1,-0.8,0.489541618879461,-0.47018434871832,0.019357270161141
76240,-0.381011510132157,0.805994743177399,-0.543019283309181,1.4,-0.8,0.616451621786599,-0.629152086349265,-0.0127004645626656
76240,-0.358134489469001,1.10599297353854,-0.529709404688072,1.8,-0.7,0.558398482346692,-0.538967464709446,0.0194310176372457
76240,-0.502304594587178,0.764310964527791,-0.455127838558962,1.6,-0.7,0.701110571546377,-0.76397819248403,-0.0628676209376528
77373,-0.444083490409669,2.51427438604664,-0.586796624051211,2.1,-0.8,0.420379402985233,-0.523629303352732,-0.103249900367499
77373,-0.457175763355013,0.8724182403841,-0.582965214794646,1.4,-0.8,0.572321486258146,-0.686423606582071,-0.114102120323925
77373,-0.412371301168481,0.813176585093837,-0.663169002725041,1.3,-0.899999999999999,0.547531289483428,-0.658320340609799,-0.110789051126371
77373,-0.314859190863257,0.764818003907138,-0.738526850381101,1.2,-1,0.532309502340043,-0.576359311124918,-0.0440498087848747
78280,-0.615462863565217,0.582796161443136,-0.550511617953244,1.3,-0.899999999999999,0.706471577579489,-0.958636022950403,-0.252164445370914
78280,-0.655010797965369,0.895851272394995,-0.544693398338272,1.6,-0.8,0.590430385004858,-0.878262141310916,-0.287831756306058
83094,-0.665751412264361,0.713244496882344,-0.458790676153677,1.60000000000002,-0.7,0.716337402870871,-0.946160165327606,-0.229822762456735
84690,-0.728570827956543,0.694229096069638,-0.41398732351279,3.2,-0.7,0.771195916919666,-1.01666016493809,-0.245464248018423
84690,-0.722974246153619,0.878491849594687,-0.476069394709581,2.7,-0.7,0.647769718631396,-0.950637143757365,-0.302867425125968
84690,-0.660362714919581,0.698992904153547,-0.450727463763928,1.7,-0.8,0.729853058819545,-0.94648865240988,-0.216635593590335
84692,-0.600392544829607,0.623727645831839,-0.373743374534231,1.3,-0.6,0.855779317273846,-0.921045319059726,-0.0652660017858797
84692,-0.551665283180974,1.60978814724186,-0.508133678757753,2.9,-0.7,0.517837164080775,-0.675905233849434,-0.158068069768659
84692,-0.660737791521924,0.772471834839562,-0.486642148911957,2.09999999999999,-0.7,0.669888724968191,-0.91964690766017,-0.249758182691979
84692,-0.523288421690241,0.873916367514728,-0.488870322856925,1.8,-0.7,0.637961296222105,-0.752143272605514,-0.114181976383409
84693,-0.841553673326252,3.20994189473617,-0.672478690123459,3.8,-0.9,0.359713617400865,-0.90386009710544,-0.544146479704574
84693,-0.775428437532585,0.773232825786391,-0.437548486745552,3.0999999999999,-0.7,0.715746505145932,-1.03408274362286,-0.318336238476927
84693,-0.825172649627771,1.26495426488066,-0.576317535731869,4.5,-0.8,0.505139395044984,-0.98328113271895,-0.478141737673966
84693,-0.758497976510809,0.905180256481431,-0.758191603904031,3.7,-0.8,0.484736030760597,-0.979448443081334,-0.494712412320738
84695,-0.545493727633281,1.16780727363334,-0.702964548342489,1.8,-0.899999999999999,0.455770504621881,-0.716754863366535,-0.260984358744655
84695,-0.405687812684423,0.72153342180744,-0.493111489449946,1.3,-0.7,0.682775228700001,-0.682875249822124,-0.000100021122122564
84695,-0.548629786129426,0.636757812148976,-0.510997684726766,1.50000000000001,-0.8,0.705482366051652,-0.862720946354105,-0.157238580302453
84695,-0.407355878974614,0.516580441649433,-0.467330906858887,1,-0.8,0.815123665560782,-0.794517265420843,0.0206064001399391
84702,-0.337582143561395,0.84879682084345,-0.54540678536089,1.4,-0.8,0.602326424611853,-0.57320979329889,0.0291166313129624
84702,-0.360281518190373,0.655166637638012,-0.492097262225143,1.2,-0.7,0.711689569362727,-0.665547367381098,0.0461422019816296
84702,-0.340754003403097,0.713292686488499,-0.571426570704992,1.3,-0.8,0.630391034271388,-0.621143812227002,0.00924722204438559
84714,-0.582898435944729,0.837671441948885,-0.518399469819784,1.70000000000001,-0.8,0.624559958652983,-0.821655530891992,-0.197095572239009
84714,-0.491138014844283,0.852885039616842,-0.591375497299258,1.4,-0.8,0.572692792672639,-0.725636207109268,-0.152943414436629
84714,-0.545114210671035,0.787033040813684,-0.50905817267182,1.70000000000001,-0.7,0.647001344003382,-0.799233148032581,-0.152231804029199
84718,-0.36578442542067,1.16799219973714,-0.670314331083877,1.6,-0.899999999999999,0.469601503587478,-0.537018445686396,-0.0674169420989177
84718,-0.39440860970805,1.06669573659208,-0.82740127310124,1.7,-1,0.429215572165204,-0.581903499899481,-0.152687927734277
84718,-0.456105118932966,1.02926951433104,-0.687517551962745,1.90000000000001,-0.9,0.485214229729615,-0.650417684510104,-0.165203454780488
84718,-0.475119985190461,1.07668141509431,-0.71418283424244,1.6,-0.8,0.465796304190359,-0.660875954594354,-0.195079650403995
84730,-0.469991204651975,0.806254211835986,-0.546278773099458,1.3,-0.8,0.614174158140812,-0.718051924290963,-0.103877766150152
84730,-0.392994195247282,0.824115442276847,-0.707540552208008,1.2,-0.899999999999999,0.525353756985874,-0.635678641794533,-0.110324884808659
84730,-0.386204719884462,0.703456388331038,-0.661909785089641,1.1,-0.899999999999999,0.586466427023768,-0.670515166583941,-0.0840487395601727
84730,-0.360571001527013,0.827458431744451,-0.642983283639427,1.2,-0.8,0.552754061725105,-0.602274986074441,-0.0495209243493359
84732,-0.3976352168726,0.601758214638951,-0.501513965951771,1.1,-0.8,0.731151884908068,-0.7299946182644,0.00115726664366822
84732,-0.537572240579721,0.587935849575076,-0.462093900656836,1.29999999999999,-0.7,0.772985631654215,-0.877745407677029,-0.104759776022814
84751,-0.575071128967214,1.10532993252003,-0.783021627056901,1.9,-0.9,0.436362236067793,-0.756012578317112,-0.319650342249319
84751,-0.439623986893099,0.761130338298776,-0.557532911537347,1.4,-0.899999999999999,0.621490302305483,-0.702391071499168,-0.0809007691936846
84751,-0.577395253990654,0.765922959074139,-0.542786736777061,1.7,-0.899999999999999,0.629591709688105,-0.83851812232948,-0.208926412641374
84751,-0.407299669055321,0.724191096825011,-0.502696232960636,1.49999999999999,-0.8,0.674024782654245,-0.683469868988512,-0.00944508633426669
84786,-0.451896734009215,0.853772316602002,-0.53611562721031,1.7,-0.8,0.60730834392091,-0.686151225646981,-0.0788428817260712
84786,-0.352891604333725,0.56214084330979,-0.515312565443423,1.1,-0.8,0.743896682303164,-0.708674327436415,0.0352223548667492
84786,-0.606097411272706,0.765736400373103,-0.486679158274107,1.40000000000001,-0.7,0.672134842517828,-0.867283897774523,-0.195149055256695
84802,-0.359056428095381,0.844588131958671,-0.62723754259129,1.2,-0.899999999999999,0.555660276917324,-0.595858240046235,-0.0401979631289105
84802,-0.364550977084112,0.96336116577966,-0.618142851352539,1.3,-0.8,0.531156265210297,-0.572157435704579,-0.041001170494282
84802,-0.419763676438229,0.707648409075332,-0.515626647559758,1.2,-0.7,0.670503775648299,-0.702389903580229,-0.0318861279319309
84802,-0.43275560483667,1.55635224101649,-0.707563998858579,1.5,-0.899999999999999,0.411165557371415,-0.561261218623287,-0.150095661251872
84834,-0.595410228954944,0.755772365186314,-0.467482407104093,1.5,-0.7,0.692453532181415,-0.860040174706792,-0.167586642525376
84834,-0.532333364976064,0.7624049399902,-0.483386708137638,1.60000000000001,-0.7,0.6760751991356,-0.794661151050706,-0.118585951915106
84834,-0.594113968272979,0.715273727544087,-0.557201001969782,1.4,-0.8,0.638550133203578,-0.873727202057905,-0.235177068854327
84834,-0.650506126966228,0.807608212790928,-0.454102843962459,2,-0.8,0.688073696427475,-0.898150958745292,-0.210077262317818
84840,-0.539703140894395,0.827520364141695,-0.484582206332993,2,-0.8,0.654412564450275,-0.781389036089784,-0.126976471639509
84840,-0.57162794030918,0.867143626572296,-0.506411505560122,1.70000000000001,-0.8,0.625578034148477,-0.802270239775272,-0.176692205626794
84853,-0.437423270014876,0.671741312147687,-0.487326551807235,1.3,-0.8,0.708136088649418,-0.735156930850118,-0.0270208422007005
84853,-0.512261162931576,0.828422373003544,-0.550603465291109,1.59999999999999,-0.8,0.604660556615195,-0.753683903936115,-0.14902334732092
84853,-0.501082728526523,0.85844870621605,-0.640206371773202,1.4,-0.899999999999999,0.545377657960288,-0.734061121471604,-0.188683463511317
84853,-0.405313245641992,0.747163724073425,-0.630634446514599,1.4,-0.9,0.58481988663103,-0.672992194118813,-0.0881723074877835
84854,-0.509450562911388,0.806014107751864,-0.518663827930812,2.3,-0.8,0.633740838201248,-0.757585177524823,-0.123844339323575
84854,-0.472074634904263,0.814514441335113,-0.524818654282748,1.6,-0.8,0.626629078381355,-0.717619698135026,-0.090990619753671
84854,-0.655197479000194,0.916490221268765,-0.529601107877478,2.09999999999999,-0.8,0.595866537724109,-0.873421302188536,-0.277554764464427
84854,-0.5506789269203,0.669021792710393,-0.38826589012402,2.99999999999988,-0.7,0.814054844412307,-0.84962285098852,-0.0355680065762134
84857,-0.593715429083318,0.780040244425275,-0.559540754180355,1.5,-0.8,0.613833011394048,-0.850112456582019,-0.236279445187971
84857,-0.502894335112475,0.682148137222743,-0.556822736904573,1.29999999999999,-0.8,0.652372183017885,-0.796085782961718,-0.143713599943832
84863,-0.409662605230558,0.915130442669725,-0.608667109626655,2.2,-0.9,0.547134915138589,-0.628210683924713,-0.0810757687861237
84863,-0.408385491310057,0.704972213281401,-0.484928969746973,1.49999999999999,-0.7,0.696130661241231,-0.692084616228853,0.00404604501237832
84863,-0.423879811108243,0.838227436271187,-0.692785796342736,2,-1,0.527288249348129,-0.662478539025919,-0.13519028967779
84863,-0.452234435457133,0.782980153947271,-0.507975375432953,1.60000000000002,-0.7,0.649154188321184,-0.707668751373995,-0.058514563052811
84864,-0.46464258311188,0.739672163516087,-0.542342264670353,1.3,-0.8,0.639160876022943,-0.735032642201416,-0.0958717661784732
84864,-0.45930544953235,0.712849038054757,-0.510761299332953,1.5,-0.8,0.672136657667739,-0.739869761642199,-0.0677331039744605
84864,-0.554966696320027,0.696984407333883,-0.488676716028759,1.60000000000001,-0.799999999999999,0.696218992827569,-0.841917161632506,-0.145698168804937
84864,-0.585991251741173,0.75894540883605,-0.615659558825505,1.7,-0.899999999999999,0.588378425635241,-0.849514817035188,-0.261136391399948
84865,-0.474874764050987,0.666707265707721,-0.59755822876482,1.1,-0.899999999999999,0.634677147609876,-0.774856495595036,-0.14017934798516
84865,-0.397759171433885,0.781706328008088,-0.499889967306465,1.6,-0.7,0.655938603258121,-0.653609729161403,0.00232887409671724
84865,-0.439312309096191,0.798405409387516,-0.500292800082956,1.59999999999999,-0.7,0.650265201824211,-0.689811613896025,-0.0395464120718141
84865,-0.481856591081248,0.73808773315536,-0.534223091234402,1.3,-0.8,0.645345928100821,-0.752827088240157,-0.107481160139336
84882,-0.356811612857975,1.31910296153452,-0.55680003859952,2.20000000000001,-0.8,0.51081356478149,-0.508429800241421,0.00238376454006858
84882,-0.384121538683273,1.15344929579767,-0.572392127282292,1.80000000000001,-0.7,0.522803786279031,-0.557514509426464,-0.0347107231474325
84882,-0.283746060519547,0.802529239656985,-0.531312386856753,1.8,-0.8,0.625638486528861,-0.532958164100325,0.092680322428536
84882,-0.228190920547835,0.79084571076215,-0.555578775244145,1.60000000000001,-0.8,0.61287878334288,-0.481084749620078,0.131794033722802
84885,-0.798360106266752,1.07756844347898,-0.481891561210423,2.9,-0.7,0.600634191252513,-0.983963165831387,-0.383328974578874
84885,-0.684899489093513,0.707902817379919,-0.501456109173413,1.49999999999999,-0.7,0.681363151270923,-0.967424145147627,-0.286060993876704
84896,-0.409125726744417,0.76851200919092,-0.487411651434689,1.90000000000001,-0.8,0.67057394171741,-0.669368894851259,0.00120504686615033
84896,-0.358561038174553,0.650834760670148,-0.513019595410765,1.2,-0.8,0.697146317978926,-0.665858699710125,0.0312876182688011
84896,-0.433818234066248,0.687201502919642,-0.447527754917011,1.4,-0.7,0.737935108594088,-0.724853686041077,0.0130814225530112
84896,-0.298341438950533,0.637184766950387,-0.473066113234513,1.2,-0.7,0.736654586989883,-0.612222137883771,0.124432449106112
84937,-0.403813150422786,0.781904200538683,-0.527744307534386,1.3,-0.8,0.634757212689792,-0.659598961347209,-0.0248417486574176
84937,-0.393445184008753,0.814756157356443,-0.532803098220171,1.3,-0.8,0.620845409268638,-0.638917400688796,-0.0180719914201584
84937,-0.391075317924172,0.921558908661922,-0.530954535903935,1.6,-0.7,0.593703650844871,-0.608098883233083,-0.0143952323882121
84937,-0.410696112455291,1.23480375847746,-0.639161129398701,1.5,-0.8,0.47487919909801,-0.572665169179417,-0.0977859700814074
84949,-0.401431653908516,1.12070776423686,-0.543218094536059,2.2,-0.8,0.546634902972388,-0.57989030868208,-0.0332554057096923
84949,-0.55204699930231,0.694832796216449,-0.459639521346979,1.4,-0.8,0.722962625741332,-0.839886032072573,-0.116923406331241
84949,-0.435580725604938,0.894603086393448,-0.513368620048165,1.79999999999999,-0.799999999999999,0.61314644204299,-0.6591435581526,-0.0459971161096095
84949,-0.543189611984997,0.810247209099897,-0.460432611440973,3.10000000000001,-0.7,0.681212343480174,-0.790027858082974,-0.108815514602801
85002,-0.563313157805316,0.875744998341421,-0.553527474039963,1.9,-0.8,0.589695994253335,-0.791690140121836,-0.201994145868501
85002,-0.442768289316441,0.880506900322594,-0.642700200268378,1.8,-0.8,0.53832897042033,-0.669910177615925,-0.131581207195594
85002,-0.536491873635405,0.900220625346153,-0.536879362970977,1.7,-0.7,0.594690926078293,-0.758659633814301,-0.163968707736008
85002,-0.418789737229099,0.744413936647491,-0.462782218530795,1.69999999999999,-0.7,0.700836448703668,-0.687457463817764,0.0133789848859043
85004,-0.517853248494124,0.581382125596093,-0.43988069418841,1.3,-0.7,0.798676561884267,-0.861861072599379,-0.063184510715112
85024,-0.473359165358468,0.961043417726346,-0.611133986256272,2.10000000000001,-0.899999999999999,0.535367620279865,-0.681466308398024,-0.146098688118159
85024,-0.407109342969102,0.738187043081484,-0.541104428882743,1.2,-0.8,0.640548463565676,-0.678043385871184,-0.0374949223055072
85024,-0.486870787299784,0.943111918803388,-0.566468525245722,1.9,-0.8,0.565128538385369,-0.69893469616625,-0.133806157780881
85024,-0.392311103759212,0.672379520556104,-0.466854446359739,1.4,-0.7,0.725850105543193,-0.689762162105823,0.0360879434373705
85030,-0.444268585051679,0.856324276822651,-0.519221582894554,1.5,-0.7,0.61874838218133,-0.677824967152733,-0.0590765849714025
85030,-0.363150899109787,0.601670448056066,-0.495387027380153,1.1,-0.8,0.736132625527884,-0.695558782272703,0.0405738432551813
85030,-0.50181860299375,0.522657418033598,-0.471326962522021,1,-0.799999999999999,0.806993715064437,-0.884478435417947,-0.0774847203535095
85030,-0.38570290374145,0.729349321934808,-0.528465428067644,1.4,-0.8,0.652671297454423,-0.659919927032077,-0.00724862957765412
85031,-0.471713921777956,0.663945471870346,-0.44528863007613,1.50000000000001,-0.7,0.750376438926696,-0.77294347823023,-0.0225670393035333
85031,-0.499202803980146,0.726224024401846,-0.57333236349094,1.7,-0.9,0.62423491278856,-0.774599917377393,-0.150365004588832
85031,-0.555166151087186,0.624077645333702,-0.461865264461656,1.8,-0.8,0.753499662349199,-0.875639094631026,-0.122139432281827
85031,-0.494208361453556,0.480961424465139,-0.394336807882829,2.2000000000001,-0.7,0.923014418793391,-0.910042126546906,0.0129722922464842
85036,-0.454215891054425,0.757363481525929,-0.59055989158502,1.6,-0.899999999999999,0.602735666182944,-0.718289885745906,-0.115554219562962
85036,-0.561679831715745,0.691040505810728,-0.545681112687273,1.5,-0.899999999999999,0.655933061488214,-0.851098466829414,-0.195165405341199
85036,-0.486295096956306,0.661281200230169,-0.515168488641397,1.39999999999999,-0.8,0.690665699279059,-0.788738293482061,-0.0980725942030021
85036,-0.513126960242241,0.723905231937629,-0.505511289504684,1.5,-0.8,0.67191829497801,-0.78940621776974,-0.11748792279173
85037,-0.303411253784221,0.837037117143409,-0.576554812908464,1.4,-0.8,0.585826123993945,-0.542349284014646,0.0434768399792991
85037,-0.378786961884167,0.767512126334822,-0.676951211726045,1.2,-0.899999999999999,0.556024468129022,-0.639369163959697,-0.0833446958306754
85037,-0.363125155319766,0.564315864735684,-0.543559737047673,1,-0.8,0.722356282246017,-0.717536598445996,0.00481968380002137
85037,-0.36542074378704,0.80080974318546,-0.62022663846711,1.1,-0.8,0.572209981335131,-0.615167954909172,-0.0429579735740414
85042,-0.334338018696227,0.938296440165335,-0.521587430717641,1.69999999999999,-0.799999999999999,0.596597075686605,-0.547490271479748,0.0491068042068564
85042,-0.320035167439584,0.756161766454343,-0.565295445442871,1.3,-0.8,0.618290964974959,-0.584528836483185,0.0337621284917739
85042,-0.271906358034799,0.729921420298197,-0.77726171590388,1.1,-0.899999999999999,0.531315684062521,-0.545908455299315,-0.0145927712367933
85042,-0.221137235139354,0.571212388165593,-0.586170807744989,1,-0.9,0.691329938178484,-0.571269697501183,0.120060240677301
85055,-0.412335674557855,0.970544803855413,-0.504479406388709,1.89999999999999,-0.7,0.602518121137539,-0.618405501736895,-0.0158873805993564
85055,-0.336470602199992,1.1643175890727,-0.569275721934293,2.6,-0.8,0.523098045402136,-0.508245040615276,0.0148530047868595
85055,-0.53061379176696,1.00714211563552,-0.593373790076537,1.4,-0.8,0.535637375857703,-0.729195498256115,-0.193558122398412
85057,-0.369677301629759,0.654671192271639,-0.477056083992046,1.2,-0.7,0.724734789030997,-0.675174171449281,0.0495606175817154
85057,-0.43819846281275,0.637384127519358,-0.542950305772375,1.1,-0.8,0.682140360115364,-0.751980986356884,-0.0698406262415202
85057,-0.433925248922168,0.645700246651146,-0.529965469365427,1.3,-0.799999999999999,0.687124325522695,-0.743666496563436,-0.0565421710407411
85057,-0.396345680580049,0.573482322288358,-0.503850977713579,1.1,-0.8,0.74568934698177,-0.745092263041289,0.000597083940481122
85069,-0.370188604891415,0.687534841257106,-0.603600759621333,1.3,-0.899999999999999,0.622239193679737,-0.661082953800795,-0.0388437601210585
85069,-0.321318268189034,0.588808128360073,-0.486319535892177,1.1,-0.8,0.750921467025683,-0.660987492112679,0.0899339749130037
85069,-0.346762561585796,0.451690758134045,-0.433766378464121,0.899999999999999,-0.7,0.903858501042757,-0.789543372125753,0.114315128917003
85069,-0.311881015773884,0.599327075781331,-0.458340914410989,1.2,-0.7,0.770064018672381,-0.645588615650403,0.124475403021978
85079,-0.387648368490449,0.938639969696092,-0.781979999039063,1.6,-0.9,0.468835259162675,-0.600722610433028,-0.131887351270353
85079,-0.340791702080817,0.779926445077014,-0.577788650404394,1.3,-0.8,0.602581770831962,-0.597226140562065,0.00535563026989729
85079,-0.426036386992843,0.796510765385413,-0.576895958552679,1.7,-0.899999999999999,0.597778124975433,-0.677131549408162,-0.0793534244327284
85079,-0.341053667656813,0.70073240436691,-0.566948239532129,1.3,-0.8,0.638181547075016,-0.62646932526536,0.0117122218096561
85080,-0.439588659388158,0.71251814942648,-0.665547247205639,1.1,-0.899999999999999,0.581199190308781,-0.720283263674356,-0.139084073365575
85080,-0.43477114224933,0.898427620696834,-0.548033917084338,1.59999999999999,-0.8,0.587552060052953,-0.657382285754554,-0.0698302257016011
85080,-0.40428790325341,0.810404604338086,-0.52491517061544,1.5,-0.8,0.627804250745973,-0.651078208897532,-0.0232739581515593
85080,-0.248961475524789,0.675277027140055,-0.503696166391197,1.3,-0.8,0.693239508168924,-0.545136218573644,0.14810328959528
85087,-0.574363745199668,0.800976433995851,-0.644851546298325,2,-0.899999999999999,0.559844139845982,-0.824058981552947,-0.264214841706965
85087,-0.671181519719534,0.608523980830041,-0.413318919911808,2.8,-0.700000000000001,0.812551963687167,-0.999845641924209,-0.187293678237042
85087,-0.609721669817106,0.789417520775257,-0.546375053147389,2,-0.7,0.619400280279565,-0.863073026654978,-0.243672746375412
85087,-0.519170926011638,0.453721576811542,-0.353228627090779,2.99999999999994,-0.7,1.00700448609029,-0.959969887801088,0.0470345982892004
85108,-0.478228561576527,0.821153811555166,-0.670906795937099,1.4,-0.899999999999999,0.541663729982928,-0.721788290808282,-0.180124560825354
85108,-0.464003311547077,0.703023724352992,-0.55861706106668,1.2,-0.8,0.642512437687815,-0.748488732268923,-0.105976294581108
85108,-0.372916468195489,0.751454391259382,-0.496902695926009,1.4,-0.7,0.668643838823271,-0.639067018816153,0.0295768200071182
85108,-0.341721656561267,0.573114565767408,-0.527018909604572,1,-0.8,0.728463390939551,-0.690692022952492,0.0377713679870593
85110,-0.293364657419382,0.789182497486105,-0.550232442954052,1.4,-0.8,0.616909553660395,-0.546791463813453,0.0701180898469421
85110,-0.36214332467024,0.763914471062885,-0.551648517730414,1.4,-0.8,0.624359105625998,-0.623952738650482,0.000406366975515826
85110,-0.404195591846687,0.886445516591713,-0.500822472017162,1.6,-0.7,0.624963286314105,-0.62981577521563,-0.00485248890152509
85110,-0.323110985009268,0.627238966828154,-0.515192304415404,1.2,-0.8,0.707062297359402,-0.641968725961441,0.0650935713979617
85119,-0.352480391378627,0.792209426870311,-0.664826695362495,1.5,-0.9,0.553288774084034,-0.604938886842531,-0.0516501127584966
85119,-0.30130683283835,0.639931326031977,-0.490056376963786,1.3,-0.7,0.720649845282098,-0.613840368647794,0.106809476634304
85119,-0.331514804953751,0.91045369461097,-0.475641667213762,1.69999999999999,-0.7,0.640155307574281,-0.551185504500375,0.0889698030739056
85119,-0.324655827971833,0.683887699086398,-0.614217466168415,1.2,-0.8,0.618063247294157,-0.617101503288378,0.000961744005778913
85132,-0.501723811753495,1.13610234103767,-0.504613806730608,2.10000000000001,-0.7,0.572383181468693,-0.677764290481255,-0.105381109012562
85132,-0.364854633096642,1.19329375230674,-0.70314245422202,1.5,-0.899999999999999,0.452040708139683,-0.532457957603607,-0.0804172494639238
85132,-0.465780208834302,0.891990090684522,-0.58817751509489,1.6,-0.8,0.564251137049409,-0.689997946327908,-0.125746809278499
85132,-0.349658612652208,0.642514627045956,-0.506761277019714,1.2,-0.8,0.705940106491258,-0.660935572866368,0.04500453362489
85133,-0.673690043443752,1.44627621190589,-0.642030520913576,2.40000000000001,-0.899999999999999,0.449797841681806,-0.811976214752925,-0.362178373071119
85133,-0.555249232005294,1.01625897533266,-0.536461709279208,1.8,-0.8,0.56961341777408,-0.752049461921622,-0.182436044147542
85133,-0.44198694189995,0.913534168333687,-0.665499166463671,1.7,-0.899999999999999,0.51945625793789,-0.660916903069116,-0.141460645131226
85133,-0.477930987733731,0.961299342494355,-0.777209122935651,1.5,-0.899999999999999,0.465382738050762,-0.685982726832028,-0.220599988781266
85135,-0.310198290615507,0.655457061827188,-0.51959497115959,1.2,-0.8,0.690045785691026,-0.615328880623141,0.0747169050678848
85135,-0.394807967143117,0.723858689434485,-0.679103205324672,1.2,-0.899999999999999,0.570803067925116,-0.671104988812153,-0.100301920887037
85135,-0.40236612958095,0.686448623932943,-0.72132029635629,1.1,-0.899999999999999,0.56862398861978,-0.693720781665645,-0.125096793045864
85145,-0.582791657071779,0.758265126156433,-0.576208266440621,1.3,-0.899999999999999,0.610856708423444,-0.846551644312362,-0.235694935888918
85165,-0.495591076618755,0.675075685365091,-0.541598395183196,1.3,-0.8,0.665540390182572,-0.791854153982942,-0.12631376380037
85165,-0.637240303245414,0.819573901928005,-0.508137935668048,1.79999999999998,-0.7,0.637623160442188,-0.881269547624122,-0.243646387181934
85169,-0.361178555747644,1.08597652361095,-0.590966090567967,2.1,-0.8,0.522594937073134,-0.545344599535576,-0.0227496624624416
85169,-0.314504580460138,0.841112942223947,-0.559999166691309,1.4,-0.8,0.594923584281228,-0.552284776150849,0.0426388081303795
85169,-0.316650282086351,0.967213559375238,-0.618391250597684,1.5,-0.9,0.530199407052226,-0.523429848048173,0.0067695590040539
85169,-0.328811737435006,0.660788482291961,-0.802087509885445,1.1,-0.899999999999999,0.552018064712055,-0.631480451190874,-0.0794623864788185
85172,-0.605937292822726,0.908068643877743,-0.637483829451434,2.09999999999999,-0.9,0.533981114903406,-0.826184959503448,-0.292203844600042
85172,-0.449521192009327,0.599294572799576,-0.458288299565692,1.1,-0.7,0.770132214343172,-0.783246890651498,-0.0131146763083267
85172,-0.558108684801141,0.83808958452178,-0.662369955902369,2.09999999999998,-0.899999999999999,0.540584035770808,-0.79674665822748,-0.256162622456672
85172,-0.538822994338765,1.09249953832298,-0.65184381307118,2.4,-0.899999999999999,0.489888404531952,-0.721889433256447,-0.232001028724496
85198,-0.7697287433497,0.682610828472859,-0.481954306522308,2.49999999999996,-0.8,0.707969814173086,-1.062721458463,-0.354751644289911
85198,-0.54077005326423,0.736153879635987,-0.492380768835124,1.4,-0.8,0.677872034832929,-0.812452381555288,-0.134580346722359
85198,-0.653699617887917,1.08694275211036,-0.561804531541199,2.7,-0.8,0.539998035457089,-0.837701948840203,-0.297703913383114
85198,-0.641564683180682,0.746362235548449,-0.465961876807753,2.20000000000003,-0.8,0.697186061753642,-0.909531081364044,-0.212345019610402
85199,-0.524629943350979,0.969954237816222,-0.587287607061167,1.4,-0.8,0.546743941817006,-0.730825238141674,-0.184081296324668
85199,-0.426880839938137,1.01753412127418,-0.603862754568531,2.10000000000001,-0.899999999999999,0.527754691069762,-0.623434445186829,-0.0956797541170668
85207,-0.542945049443099,1.15655340286761,-0.608291483221006,1.5,-0.8,0.501717338623879,-0.715872645785916,-0.214155307162037
85207,-0.490824248446841,0.871349009575885,-0.531620732677533,1.69999999999999,-0.8,0.605737204386779,-0.720353401291516,-0.114616196904738
85207,-0.586110659330374,1.24607659676435,-1.08937891793393,1.7,-0.899999999999999,0.344094625438654,-0.746614436160252,-0.402519810721598
85207,-0.488362791361985,0.749923123204076,-0.441707481093291,1.9,-0.7,0.719482349938572,-0.75505679480262,-0.0355744448640478
85219,-0.572911878259578,0.620903793067107,-0.58523650082693,1.2,-0.899999999999999,0.663853278000633,-0.89502297217326,-0.231169694172627
85219,-0.504307468718025,0.649054914017581,-0.522514022149068,1.4,-0.8,0.690905184588632,-0.812447805815268,-0.121542621226636
85219,-0.446960940295596,0.679018328025712,-0.542304571020922,1.4,-0.8,0.663339308388107,-0.741503799810909,-0.078164491422802
85219,-0.427134806429341,0.69846844710445,-0.544435033701164,1.3,-0.8,0.653694068563931,-0.713475586501962,-0.0597815179380308
85243,-0.636252006443859,0.972124518265947,-0.638474379355473,1.6,-0.8,0.518981673105681,-0.841986967595497,-0.323005294489816
85243,-0.498080274127678,0.748536237145633,-0.592971670403744,1.3,-0.8,0.604472374779604,-0.765268407547448,-0.160796032767844
85259,-0.73718832616992,0.712016259933153,-0.449463100518262,4.2,-0.799999999999999,0.725867810632617,-1.01808078783755,-0.29221297720493
85259,-0.660345796564611,1.13369332666837,-0.502105092477111,2.60000000000001,-0.8,0.574737538264362,-0.836760348273888,-0.262022810009526
85261,-0.569091914648606,0.819653274074251,-0.585748811072958,2.40000000000001,-0.899999999999999,0.585448901511525,-0.813097528151325,-0.2276486266398
85261,-0.592718508690426,0.746102513849765,-0.576636551699415,1.69999999999999,-0.899999999999999,0.614898600552087,-0.860778187203012,-0.245879586650925
85261,-0.626431869827253,0.542840931276129,-0.416222264669322,1.6,-0.7,0.848944552992639,-0.994863925106933,-0.145919372114294
85261,-0.691856666827077,0.52096196858,-0.500158621016335,1.8,-0.9,0.783778326654322,-1.07576185005023,-0.29198352339591
85269,-0.411999672014424,0.781233667128175,-0.584652869595442,1.4,-0.8,0.598088681168909,-0.668005024081755,-0.0699163429128457
85269,-0.501010211307399,0.809062455853002,-0.637094315975429,1.5,-0.899999999999999,0.561124966392778,-0.748209915796391,-0.187084949403613
85276,-0.459001513091637,0.557059999285526,-0.451467495261505,1.1,-0.7,0.802027530918014,-0.818029266397414,-0.0160017354793999
85306,-0.505926369811008,0.824184044771055,-0.552292982329401,1.3,-0.8,0.604790882658416,-0.748590616066293,-0.143799733407877
85306,-0.460823084113613,0.682359845796414,-0.525894105133784,1.3,-0.8,0.6734051826584,-0.753923566552715,-0.0805183838943146
85339,-0.486808909795813,0.755776012143759,-0.613842548509208,1.3,-0.8,0.590445118770775,-0.751437578589759,-0.160992459818983
85343,-0.587394855207404,1.08181366192875,-0.647738445398603,2,-0.899999999999999,0.493641325893649,-0.772269577202893,-0.278628251309244
85343,-0.518183395402148,0.790355610329009,-0.639661572742208,1.3,-0.899999999999999,0.565715983942215,-0.771234044231912,-0.205518060289697
85343,-0.597467684541243,0.777498518954257,-0.530868697205981,1.5,-0.8,0.633976209430886,-0.854702901232076,-0.22072669180119
85343,-0.619980946163701,0.858293639652095,-0.576276857760584,1.8,-0.899999999999999,0.580075892800968,-0.853001430949151,-0.272925538148183
9979,-0.508294623562454,0.849355471662658,-0.599107614171394,1.6,-0.8,0.569302510885666,-0.743767292748289,-0.174464781862623
9979,-0.6206128831154,0.930731802587555,-0.604265800457928,1.89999999999999,-0.9,0.545864848388691,-0.835497557136395,-0.289632708747705
9979,-0.549001360639893,0.876512397016577,-0.498834731183477,1.8,-0.8,0.62911142781378,-0.777178395763126,-0.148066967949346
9979,-0.718764582158477,0.974303189982646,-0.556757413141797,1.90000000000001,-0.8,0.564497787840406,-0.924039492531667,-0.359541704691261
